type	id	tree
run	SRR34631292	notree
run	SRR34631281	notree
run	SRR34631271	notree
run	SRR34631270	notree
run	SRR34631269	notree
run	SRR34631268	notree
run	SRR34631267	notree
run	SRR34631266	notree
run	SRR34631297	notree
run	SRR34631296	notree
run	SRR34631295	notree
run	SRR34631294	notree
run	SRR34631293	notree
run	SRR34631291	notree
run	SRR34631290	notree
run	SRR34631289	notree
run	SRR34631288	notree
run	SRR34631287	notree
run	SRR34631286	notree
run	SRR34631285	notree
run	SRR34631284	notree
run	SRR34631283	notree
run	SRR34631282	notree
run	SRR34631280	notree
run	SRR34631279	notree
run	SRR34631278	notree
run	SRR34631277	notree
run	SRR34631276	notree
run	SRR34631275	notree
run	SRR34631274	notree
run	SRR34631273	notree
run	SRR34631272	notree
run	SRR34719767	notree
run	SRR34719766	notree
run	SRR34719764	notree
run	SRR34719763	notree
run	SRR34719762	notree
run	SRR34719761	notree
run	SRR34719760	notree
run	SRR34719759	notree
run	SRR34719758	notree
run	SRR34719757	notree
run	SRR34719765	notree
run	SRR34797665	notree
run	SRR34797664	notree
run	SRR34797656	notree
run	SRR34797655	notree
run	SRR34797654	notree
run	SRR34797653	notree
run	SRR34797652	notree
run	SRR34797651	notree
run	SRR34797650	notree
run	SRR34797649	notree
run	SRR34797663	notree
run	SRR34797662	notree
run	SRR34797661	notree
run	SRR34797660	notree
run	SRR34797659	notree
run	SRR34797658	notree
run	SRR34797657	notree
run	SRR34016175	notree
run	SRR34016180	notree
run	SRR34016177	notree
run	SRR34016176	notree
run	SRR34016174	notree
run	SRR34016183	notree
run	SRR34016182	notree
run	SRR34016181	notree
run	SRR34016179	notree
run	SRR34016178	notree
run	SRR34354348	notree
run	SRR34354349	notree
run	SRR34354337	notree
run	SRR34354341	notree
run	SRR34354342	notree
run	SRR34354343	notree
run	SRR34354344	notree
run	SRR34354345	notree
run	SRR34354346	notree
run	SRR34354347	notree
run	SRR34354350	notree
run	SRR34354351	notree
run	SRR34354352	notree
run	SRR34354353	notree
run	SRR34354354	notree
run	SRR34354355	notree
run	SRR34354356	notree
run	SRR34354357	notree
run	SRR34354358	notree
run	SRR34354336	notree
run	SRR34354338	notree
run	SRR34354339	notree
run	SRR34354340	notree
run	SRR34631304	notree
run	SRR34631303	notree
run	SRR34631302	notree
run	SRR34631301	notree
run	SRR34631300	notree
run	SRR34631299	notree
run	SRR34631298	notree
run	SRR34016243	notree
run	SRR34016217	notree
run	SRR34016228	notree
run	SRR34016192	notree
run	SRR34016203	notree
run	SRR34016242	notree
run	SRR34016233	notree
run	SRR34016234	notree
run	SRR34016235	notree
run	SRR34016236	notree
run	SRR34016237	notree
run	SRR34016238	notree
run	SRR34016239	notree
run	SRR34016240	notree
run	SRR34016241	notree
run	SRR34016218	notree
run	SRR34016219	notree
run	SRR34016220	notree
run	SRR34016221	notree
run	SRR34016222	notree
run	SRR34016223	notree
run	SRR34016224	notree
run	SRR34016225	notree
run	SRR34016226	notree
run	SRR34016227	notree
run	SRR34016229	notree
run	SRR34016230	notree
run	SRR34016231	notree
run	SRR34016232	notree
run	SRR34016216	notree
run	SRR34016215	notree
run	SRR34016214	notree
run	SRR34016213	notree
run	SRR34016212	notree
run	SRR34016193	notree
run	SRR34016191	notree
run	SRR34016190	notree
run	SRR34016211	notree
run	SRR34016210	notree
run	SRR34016209	notree
run	SRR34016208	notree
run	SRR34016207	notree
run	SRR34016206	notree
run	SRR34016205	notree
run	SRR34016204	notree
run	SRR34016202	notree
run	SRR34016201	notree
run	SRR34016200	notree
run	SRR34016199	notree
run	SRR34016198	notree
run	SRR34016197	notree
run	SRR34016196	notree
run	SRR34016195	notree
run	SRR34016194	notree
run	SRR34016189	notree
run	SRR34016188	notree
run	SRR34016187	notree
run	SRR34016186	notree
run	SRR34016185	notree
run	SRR34016184	notree
run	SRR33808779	notree
run	SRR33808768	notree
run	SRR33808786	notree
run	SRR33808785	notree
run	SRR33808784	notree
run	SRR33808783	notree
run	SRR33808782	notree
run	SRR33808781	notree
run	SRR33808780	notree
run	SRR33808778	notree
run	SRR33808777	notree
run	SRR33808776	notree
run	SRR33808775	notree
run	SRR33808774	notree
run	SRR33808773	notree
run	SRR33808772	notree
run	SRR33808771	notree
run	SRR33808770	notree
run	SRR33808769	notree
run	SRR33808767	notree
run	SRR33808766	notree
run	SRR33808765	notree
run	SRR33808764	notree
run	SRR33808763	notree
run	SRR33808762	notree
run	SRR33808761	notree
run	SRR33808760	notree
run	SRR33808759	notree
run	SRR34016255	notree
run	SRR34016254	notree
run	SRR34016253	notree
run	SRR34016252	notree
run	SRR34016251	notree
run	SRR34016250	notree
run	SRR34016249	notree
run	SRR34016248	notree
run	SRR34016247	notree
run	SRR34016246	notree
run	SRR34016245	notree
run	SRR34016244	notree
run	SRR33808846	notree
run	SRR33808835	notree
run	SRR33808824	notree
run	SRR33808812	notree
run	SRR33808801	notree
run	SRR33808790	notree
run	SRR33808845	notree
run	SRR33808844	notree
run	SRR33808843	notree
run	SRR33808842	notree
run	SRR33808841	notree
run	SRR33808840	notree
run	SRR33808839	notree
run	SRR33808838	notree
run	SRR33808837	notree
run	SRR33808836	notree
run	SRR33808834	notree
run	SRR33808833	notree
run	SRR33808832	notree
run	SRR33808831	notree
run	SRR33808830	notree
run	SRR33808829	notree
run	SRR33808828	notree
run	SRR33808827	notree
run	SRR33808826	notree
run	SRR33808825	notree
run	SRR33808822	notree
run	SRR33808821	notree
run	SRR33808820	notree
run	SRR33808819	notree
run	SRR33808818	notree
run	SRR33808817	notree
run	SRR33808816	notree
run	SRR33808815	notree
run	SRR33808814	notree
run	SRR33808813	notree
run	SRR33808811	notree
run	SRR33808810	notree
run	SRR33808809	notree
run	SRR33808808	notree
run	SRR33808807	notree
run	SRR33808806	notree
run	SRR33808805	notree
run	SRR33808804	notree
run	SRR33808803	notree
run	SRR33808802	notree
run	SRR33808800	notree
run	SRR33808799	notree
run	SRR33808798	notree
run	SRR33808797	notree
run	SRR33808796	notree
run	SRR33808795	notree
run	SRR33808794	notree
run	SRR33808793	notree
run	SRR33808792	notree
run	SRR33808791	notree
run	SRR33808789	notree
run	SRR33808788	notree
run	SRR33808787	notree
run	SRR33808823	notree
run	SRR33790320	notree
run	SRR33790309	notree
run	SRR33790325	notree
run	SRR33790324	notree
run	SRR33790323	notree
run	SRR33790322	notree
run	SRR33790321	notree
run	SRR33790319	notree
run	SRR33790318	notree
run	SRR33790317	notree
run	SRR33790316	notree
run	SRR33790315	notree
run	SRR33790314	notree
run	SRR33790313	notree
run	SRR33790312	notree
run	SRR33790311	notree
run	SRR33790310	notree
run	SRR33790308	notree
run	SRR33790307	notree
run	SRR33790306	notree
run	SRR33790305	notree
run	SRR33790304	notree
run	SRR33790303	notree
run	SRR33790302	notree
run	SRR33790301	notree
run	SRR33790300	notree
run	SRR33790299	notree
run	SRR33808859	notree
run	SRR33808858	notree
run	SRR33808857	notree
run	SRR33808855	notree
run	SRR33808854	notree
run	SRR33808853	notree
run	SRR33808852	notree
run	SRR33808851	notree
run	SRR33808850	notree
run	SRR33808849	notree
run	SRR33808848	notree
run	SRR33808847	notree
run	SRR33808856	notree
run	SRR33790375	notree
run	SRR33790364	notree
run	SRR33790353	notree
run	SRR33790342	notree
run	SRR33790331	notree
run	SRR33790385	notree
run	SRR33790384	notree
run	SRR33790383	notree
run	SRR33790382	notree
run	SRR33790381	notree
run	SRR33790380	notree
run	SRR33790379	notree
run	SRR33790378	notree
run	SRR33790377	notree
run	SRR33790376	notree
run	SRR33790374	notree
run	SRR33790373	notree
run	SRR33790372	notree
run	SRR33790371	notree
run	SRR33790370	notree
run	SRR33790369	notree
run	SRR33790368	notree
run	SRR33790367	notree
run	SRR33790366	notree
run	SRR33790365	notree
run	SRR33790363	notree
run	SRR33790362	notree
run	SRR33790361	notree
run	SRR33790360	notree
run	SRR33790359	notree
run	SRR33790358	notree
run	SRR33790339	notree
run	SRR33790327	notree
run	SRR33790357	notree
run	SRR33790356	notree
run	SRR33790355	notree
run	SRR33790354	notree
run	SRR33790352	notree
run	SRR33790351	notree
run	SRR33790350	notree
run	SRR33790349	notree
run	SRR33790348	notree
run	SRR33790347	notree
run	SRR33790346	notree
run	SRR33790345	notree
run	SRR33790344	notree
run	SRR33790343	notree
run	SRR33790341	notree
run	SRR33790340	notree
run	SRR33790338	notree
run	SRR33790337	notree
run	SRR33790336	notree
run	SRR33790335	notree
run	SRR33790334	notree
run	SRR33790333	notree
run	SRR33790332	notree
run	SRR33790330	notree
run	SRR33790329	notree
run	SRR33790328	notree
run	SRR33790326	notree
run	SRR33790386	notree
run	SRR33790424	notree
run	SRR33790413	notree
run	SRR33790402	notree
run	SRR33790391	notree
run	SRR33790390	notree
run	SRR33790389	notree
run	SRR33790388	notree
run	SRR33790387	notree
run	SRR33790425	notree
run	SRR33790423	notree
run	SRR33790422	notree
run	SRR33790421	notree
run	SRR33790420	notree
run	SRR33790419	notree
run	SRR33790418	notree
run	SRR33790417	notree
run	SRR33790416	notree
run	SRR33790415	notree
run	SRR33790414	notree
run	SRR33790412	notree
run	SRR33790411	notree
run	SRR33790410	notree
run	SRR33790409	notree
run	SRR33790408	notree
run	SRR33790407	notree
run	SRR33790406	notree
run	SRR33790405	notree
run	SRR33790404	notree
run	SRR33790403	notree
run	SRR33790401	notree
run	SRR33790400	notree
run	SRR33790399	notree
run	SRR33790398	notree
run	SRR33790397	notree
run	SRR33790396	notree
run	SRR33790395	notree
run	SRR33790394	notree
run	SRR33790393	notree
run	SRR33790392	notree
run	SRR33789541	notree
run	SRR33789530	notree
run	SRR33789519	notree
run	SRR33789545	notree
run	SRR33789544	notree
run	SRR33789543	notree
run	SRR33789542	notree
run	SRR33789540	notree
run	SRR33789539	notree
run	SRR33789538	notree
run	SRR33789537	notree
run	SRR33789536	notree
run	SRR33789535	notree
run	SRR33789534	notree
run	SRR33789533	notree
run	SRR33789532	notree
run	SRR33789531	notree
run	SRR33789529	notree
run	SRR33789528	notree
run	SRR33789527	notree
run	SRR33789526	notree
run	SRR33789525	notree
run	SRR33789524	notree
run	SRR33789523	notree
run	SRR33789522	notree
run	SRR33789521	notree
run	SRR33789520	notree
run	SRR33789518	notree
run	SRR33789517	notree
run	SRR33789516	notree
run	SRR33789515	notree
run	SRR33789514	notree
run	SRR33789513	notree
run	SRR33789512	notree
run	SRR33789511	notree
run	SRR33789510	notree
run	SRR33789509	notree
run	SRR33790448	notree
run	SRR33790447	notree
run	SRR33790446	notree
run	SRR33790435	notree
run	SRR33790445	notree
run	SRR33790444	notree
run	SRR33790443	notree
run	SRR33790442	notree
run	SRR33790441	notree
run	SRR33790440	notree
run	SRR33790439	notree
run	SRR33790438	notree
run	SRR33790437	notree
run	SRR33790436	notree
run	SRR33790434	notree
run	SRR33790433	notree
run	SRR33790432	notree
run	SRR33790431	notree
run	SRR33790430	notree
run	SRR33790429	notree
run	SRR33790428	notree
run	SRR33790427	notree
run	SRR33790426	notree
run	SRR33789585	notree
run	SRR33789574	notree
run	SRR33789563	notree
run	SRR33789552	notree
run	SRR33789584	notree
run	SRR33789583	notree
run	SRR33789582	notree
run	SRR33789581	notree
run	SRR33789580	notree
run	SRR33789579	notree
run	SRR33789578	notree
run	SRR33789577	notree
run	SRR33789576	notree
run	SRR33789575	notree
run	SRR33789573	notree
run	SRR33789572	notree
run	SRR33789571	notree
run	SRR33789570	notree
run	SRR33789569	notree
run	SRR33789568	notree
run	SRR33789567	notree
run	SRR33789566	notree
run	SRR33789565	notree
run	SRR33789564	notree
run	SRR33789562	notree
run	SRR33789561	notree
run	SRR33789560	notree
run	SRR33789559	notree
run	SRR33789558	notree
run	SRR33789557	notree
run	SRR33789556	notree
run	SRR33789555	notree
run	SRR33789554	notree
run	SRR33789553	notree
run	SRR33789551	notree
run	SRR33789550	notree
run	SRR33789549	notree
run	SRR33789548	notree
run	SRR33789547	notree
run	SRR33789546	notree
run	SRR33789596	notree
run	SRR33789644	notree
run	SRR33789633	notree
run	SRR33789622	notree
run	SRR33789611	notree
run	SRR33789601	notree
run	SRR33789600	notree
run	SRR33789599	notree
run	SRR33789598	notree
run	SRR33789597	notree
run	SRR33789595	notree
run	SRR33789594	notree
run	SRR33789593	notree
run	SRR33789592	notree
run	SRR33789591	notree
run	SRR33789590	notree
run	SRR33789589	notree
run	SRR33789588	notree
run	SRR33789587	notree
run	SRR33789586	notree
run	SRR33789645	notree
run	SRR33789643	notree
run	SRR33789642	notree
run	SRR33789641	notree
run	SRR33789640	notree
run	SRR33789639	notree
run	SRR33789638	notree
run	SRR33789637	notree
run	SRR33789636	notree
run	SRR33789635	notree
run	SRR33789634	notree
run	SRR33789632	notree
run	SRR33789631	notree
run	SRR33789630	notree
run	SRR33789629	notree
run	SRR33789628	notree
run	SRR33789627	notree
run	SRR33789626	notree
run	SRR33789625	notree
run	SRR33789624	notree
run	SRR33789623	notree
run	SRR33789621	notree
run	SRR33789620	notree
run	SRR33789619	notree
run	SRR33789618	notree
run	SRR33789617	notree
run	SRR33789616	notree
run	SRR33789615	notree
run	SRR33789614	notree
run	SRR33789613	notree
run	SRR33789612	notree
run	SRR33789610	notree
run	SRR33789609	notree
run	SRR33789608	notree
run	SRR33789607	notree
run	SRR33789606	notree
run	SRR33789605	notree
run	SRR33789604	notree
run	SRR33789603	notree
run	SRR33789602	notree
run	SRR33624024	notree
run	SRR33624013	notree
run	SRR33624002	notree
run	SRR33624029	notree
run	SRR33624028	notree
run	SRR33624027	notree
run	SRR33624026	notree
run	SRR33624025	notree
run	SRR33624023	notree
run	SRR33624022	notree
run	SRR33624021	notree
run	SRR33624020	notree
run	SRR33624019	notree
run	SRR33624018	notree
run	SRR33624017	notree
run	SRR33624016	notree
run	SRR33624015	notree
run	SRR33624014	notree
run	SRR33624012	notree
run	SRR33624011	notree
run	SRR33624010	notree
run	SRR33624009	notree
run	SRR33624008	notree
run	SRR33624007	notree
run	SRR33624006	notree
run	SRR33624005	notree
run	SRR33624004	notree
run	SRR33624003	notree
run	SRR33789657	notree
run	SRR33789656	notree
run	SRR33789655	notree
run	SRR33789654	notree
run	SRR33789653	notree
run	SRR33789652	notree
run	SRR33789651	notree
run	SRR33789650	notree
run	SRR33789649	notree
run	SRR33789648	notree
run	SRR33789647	notree
run	SRR33789646	notree
run	SRR33624057	notree
run	SRR33624055	notree
run	SRR33624044	notree
run	SRR33624084	notree
run	SRR33624073	notree
run	SRR33624062	notree
run	SRR33624061	notree
run	SRR33624060	notree
run	SRR33624059	notree
run	SRR33624058	notree
run	SRR33624056	notree
run	SRR33624033	notree
run	SRR33624032	notree
run	SRR33624031	notree
run	SRR33624030	notree
run	SRR33624054	notree
run	SRR33624053	notree
run	SRR33624052	notree
run	SRR33624051	notree
run	SRR33624050	notree
run	SRR33624049	notree
run	SRR33624048	notree
run	SRR33624047	notree
run	SRR33624046	notree
run	SRR33624045	notree
run	SRR33624043	notree
run	SRR33624042	notree
run	SRR33624041	notree
run	SRR33624040	notree
run	SRR33624039	notree
run	SRR33624038	notree
run	SRR33624037	notree
run	SRR33624036	notree
run	SRR33624035	notree
run	SRR33624034	notree
run	SRR33624089	notree
run	SRR33624088	notree
run	SRR33624087	notree
run	SRR33624086	notree
run	SRR33624085	notree
run	SRR33624083	notree
run	SRR33624082	notree
run	SRR33624081	notree
run	SRR33624080	notree
run	SRR33624079	notree
run	SRR33624078	notree
run	SRR33624077	notree
run	SRR33624076	notree
run	SRR33624075	notree
run	SRR33624074	notree
run	SRR33624072	notree
run	SRR33624071	notree
run	SRR33624070	notree
run	SRR33624069	notree
run	SRR33624068	notree
run	SRR33624067	notree
run	SRR33624066	notree
run	SRR33624065	notree
run	SRR33624064	notree
run	SRR33624063	notree
run	SRR33624119	notree
run	SRR33624118	notree
run	SRR33624117	notree
run	SRR33624106	notree
run	SRR33624095	notree
run	SRR33624129	notree
run	SRR33624128	notree
run	SRR33624127	notree
run	SRR33624126	notree
run	SRR33624125	notree
run	SRR33624124	notree
run	SRR33624123	notree
run	SRR33624122	notree
run	SRR33624121	notree
run	SRR33624120	notree
run	SRR33624116	notree
run	SRR33624115	notree
run	SRR33624114	notree
run	SRR33624113	notree
run	SRR33624112	notree
run	SRR33624111	notree
run	SRR33624110	notree
run	SRR33624109	notree
run	SRR33624108	notree
run	SRR33624107	notree
run	SRR33624105	notree
run	SRR33624104	notree
run	SRR33624103	notree
run	SRR33624102	notree
run	SRR33624101	notree
run	SRR33624100	notree
run	SRR33624099	notree
run	SRR33624098	notree
run	SRR33624097	notree
run	SRR33624096	notree
run	SRR33624094	notree
run	SRR33624093	notree
run	SRR33624092	notree
run	SRR33624091	notree
run	SRR33624090	notree
run	SRR33531270	notree
run	SRR33531269	notree
run	SRR33531268	notree
run	SRR33531278	notree
run	SRR33531267	notree
run	SRR33531255	notree
run	SRR33531282	notree
run	SRR33531281	notree
run	SRR33531280	notree
run	SRR33531279	notree
run	SRR33531277	notree
run	SRR33531276	notree
run	SRR33531275	notree
run	SRR33531274	notree
run	SRR33531273	notree
run	SRR33531272	notree
run	SRR33531271	notree
run	SRR33531266	notree
run	SRR33531265	notree
run	SRR33531264	notree
run	SRR33531263	notree
run	SRR33531262	notree
run	SRR33531261	notree
run	SRR33531260	notree
run	SRR33531259	notree
run	SRR33531258	notree
run	SRR33531257	notree
run	SRR33531256	notree
run	SRR33531254	notree
run	SRR33531253	notree
run	SRR33531252	notree
run	SRR33531251	notree
run	SRR33531250	notree
run	SRR33531249	notree
run	SRR33531248	notree
run	SRR33531247	notree
run	SRR33531246	notree
run	SRR33531245	notree
run	SRR33624141	notree
run	SRR33624130	notree
run	SRR33624151	notree
run	SRR33624150	notree
run	SRR33624149	notree
run	SRR33624148	notree
run	SRR33624147	notree
run	SRR33624146	notree
run	SRR33624145	notree
run	SRR33624144	notree
run	SRR33624143	notree
run	SRR33624142	notree
run	SRR33624140	notree
run	SRR33624139	notree
run	SRR33624138	notree
run	SRR33624137	notree
run	SRR33624136	notree
run	SRR33624135	notree
run	SRR33624134	notree
run	SRR33624133	notree
run	SRR33624132	notree
run	SRR33624131	notree
run	SRR33531289	notree
run	SRR33531300	notree
run	SRR33531312	notree
run	SRR33531305	notree
run	SRR33531304	notree
run	SRR33531303	notree
run	SRR33531302	notree
run	SRR33531301	notree
run	SRR33531299	notree
run	SRR33531298	notree
run	SRR33531297	notree
run	SRR33531296	notree
run	SRR33531295	notree
run	SRR33531294	notree
run	SRR33531293	notree
run	SRR33531292	notree
run	SRR33531291	notree
run	SRR33531290	notree
run	SRR33531288	notree
run	SRR33531287	notree
run	SRR33531286	notree
run	SRR33531285	notree
run	SRR33531284	notree
run	SRR33531283	notree
run	SRR33531322	notree
run	SRR33531321	notree
run	SRR33531320	notree
run	SRR33531319	notree
run	SRR33531318	notree
run	SRR33531317	notree
run	SRR33531316	notree
run	SRR33531315	notree
run	SRR33531314	notree
run	SRR33531313	notree
run	SRR33531311	notree
run	SRR33531310	notree
run	SRR33531309	notree
run	SRR33531308	notree
run	SRR33531307	notree
run	SRR33531306	notree
run	SRR33531352	notree
run	SRR33531341	notree
run	SRR33531330	notree
run	SRR33531377	notree
run	SRR33531366	notree
run	SRR33531355	notree
run	SRR33531354	notree
run	SRR33531353	notree
run	SRR33531351	notree
run	SRR33531350	notree
run	SRR33531349	notree
run	SRR33531348	notree
run	SRR33531347	notree
run	SRR33531346	notree
run	SRR33531335	notree
run	SRR33531334	notree
run	SRR33531333	notree
run	SRR33531332	notree
run	SRR33531331	notree
run	SRR33531328	notree
run	SRR33531327	notree
run	SRR33531326	notree
run	SRR33531345	notree
run	SRR33531344	notree
run	SRR33531343	notree
run	SRR33531342	notree
run	SRR33531340	notree
run	SRR33531339	notree
run	SRR33531338	notree
run	SRR33531337	notree
run	SRR33531336	notree
run	SRR33531329	notree
run	SRR33531325	notree
run	SRR33531324	notree
run	SRR33531323	notree
run	SRR33531382	notree
run	SRR33531381	notree
run	SRR33531380	notree
run	SRR33531379	notree
run	SRR33531378	notree
run	SRR33531376	notree
run	SRR33531375	notree
run	SRR33531374	notree
run	SRR33531373	notree
run	SRR33531372	notree
run	SRR33531371	notree
run	SRR33531370	notree
run	SRR33531369	notree
run	SRR33531368	notree
run	SRR33531367	notree
run	SRR33531365	notree
run	SRR33531364	notree
run	SRR33531363	notree
run	SRR33531362	notree
run	SRR33531361	notree
run	SRR33531360	notree
run	SRR33531359	notree
run	SRR33531358	notree
run	SRR33531357	notree
run	SRR33531356	notree
run	SRR33502066	notree
run	SRR33502042	notree
run	SRR33502041	notree
run	SRR33502040	notree
run	SRR33502039	notree
run	SRR33502038	notree
run	SRR33502037	notree
run	SRR33502036	notree
run	SRR33502035	notree
run	SRR33502056	notree
run	SRR33502045	notree
run	SRR33502065	notree
run	SRR33502064	notree
run	SRR33502063	notree
run	SRR33502062	notree
run	SRR33502061	notree
run	SRR33502060	notree
run	SRR33502059	notree
run	SRR33502058	notree
run	SRR33502057	notree
run	SRR33502055	notree
run	SRR33502054	notree
run	SRR33502053	notree
run	SRR33502052	notree
run	SRR33502051	notree
run	SRR33502050	notree
run	SRR33502049	notree
run	SRR33502048	notree
run	SRR33502047	notree
run	SRR33502046	notree
run	SRR33502044	notree
run	SRR33502043	notree
run	SRR33531390	notree
run	SRR33531389	notree
run	SRR33531388	notree
run	SRR33531387	notree
run	SRR33531386	notree
run	SRR33531385	notree
run	SRR33531384	notree
run	SRR33531383	notree
run	SRR33502069	notree
run	SRR33502068	notree
run	SRR33502122	notree
run	SRR33502111	notree
run	SRR33502100	notree
run	SRR33502089	notree
run	SRR33502078	notree
run	SRR33502067	notree
run	SRR33502126	notree
run	SRR33502125	notree
run	SRR33502124	notree
run	SRR33502123	notree
run	SRR33502121	notree
run	SRR33502120	notree
run	SRR33502119	notree
run	SRR33502118	notree
run	SRR33502117	notree
run	SRR33502116	notree
run	SRR33502115	notree
run	SRR33502114	notree
run	SRR33502113	notree
run	SRR33502112	notree
run	SRR33502110	notree
run	SRR33502109	notree
run	SRR33502108	notree
run	SRR33502107	notree
run	SRR33502106	notree
run	SRR33502105	notree
run	SRR33502104	notree
run	SRR33502103	notree
run	SRR33502102	notree
run	SRR33502101	notree
run	SRR33502099	notree
run	SRR33502098	notree
run	SRR33502097	notree
run	SRR33502096	notree
run	SRR33502095	notree
run	SRR33502094	notree
run	SRR33502093	notree
run	SRR33502092	notree
run	SRR33502091	notree
run	SRR33502090	notree
run	SRR33502088	notree
run	SRR33502087	notree
run	SRR33502086	notree
run	SRR33502085	notree
run	SRR33502084	notree
run	SRR33502083	notree
run	SRR33502082	notree
run	SRR33502081	notree
run	SRR33502080	notree
run	SRR33502079	notree
run	SRR33502077	notree
run	SRR33502076	notree
run	SRR33502075	notree
run	SRR33502074	notree
run	SRR33502073	notree
run	SRR33502072	notree
run	SRR33502071	notree
run	SRR33502070	notree
run	SRR33502144	notree
run	SRR33502157	notree
run	SRR33502146	notree
run	SRR33502135	notree
run	SRR33502127	notree
run	SRR33502166	notree
run	SRR33502165	notree
run	SRR33502164	notree
run	SRR33502163	notree
run	SRR33502162	notree
run	SRR33502161	notree
run	SRR33502160	notree
run	SRR33502159	notree
run	SRR33502158	notree
run	SRR33502156	notree
run	SRR33502155	notree
run	SRR33502154	notree
run	SRR33502153	notree
run	SRR33502152	notree
run	SRR33502151	notree
run	SRR33502150	notree
run	SRR33502149	notree
run	SRR33502148	notree
run	SRR33502147	notree
run	SRR33502145	notree
run	SRR33502143	notree
run	SRR33502142	notree
run	SRR33502141	notree
run	SRR33502140	notree
run	SRR33502139	notree
run	SRR33502138	notree
run	SRR33502137	notree
run	SRR33502136	notree
run	SRR33502134	notree
run	SRR33502133	notree
run	SRR33502132	notree
run	SRR33502131	notree
run	SRR33502130	notree
run	SRR33502129	notree
run	SRR33502128	notree
run	SRR33502178	notree
run	SRR33502177	notree
run	SRR33502181	notree
run	SRR33502180	notree
run	SRR33502179	notree
run	SRR33502168	notree
run	SRR33502176	notree
run	SRR33502175	notree
run	SRR33502174	notree
run	SRR33502173	notree
run	SRR33502172	notree
run	SRR33502171	notree
run	SRR33502170	notree
run	SRR33502169	notree
run	SRR33502167	notree
